configuration,seed,energy,feasible,interventions,geometry_acquisitions,source,jaccard_vs_milp_oracle
flat_prior,31000,110.18457147292793,True,12,1,illustrative,0.29411764705882354
flat_prior,31001,86.49112708470784,True,11,1,illustrative,0.10526315789473684
flat_prior,31002,87.80443741288036,True,10,2,illustrative,0.17647058823529413
flat_prior,31003,99.75114041846246,True,11,1,illustrative,0.16666666666666666
flat_prior,31004,71.20872158929706,True,10,1,illustrative,0.17647058823529413
flat_prior,31005,107.19474011240527,True,12,1,illustrative,0.29411764705882354
flat_prior,31006,112.78883759304881,True,10,1,illustrative,0.17647058823529413
flat_prior,31007,76.8813703765627,True,11,1,illustrative,0.3125
flat_prior,31008,86.77811147877946,True,11,1,illustrative,0.4
flat_prior,31009,61.65987532236613,True,11,2,illustrative,0.10526315789473684
flat_prior,31010,59.30175212933682,True,12,2,illustrative,0.4666666666666667
flat_prior,31011,53.65949621645268,True,12,1,illustrative,0.375
flat_prior,31012,85.46728719503153,True,12,0,illustrative,0.29411764705882354
flat_prior,31013,50.44736241386272,True,10,1,illustrative,0.05263157894736842
flat_prior,31014,100.05768596671987,True,12,1,illustrative,0.375
flat_prior,31015,36.33230484533124,True,10,1,illustrative,0.1111111111111111
flat_prior,31016,83.2928657878656,True,11,0,illustrative,0.05
flat_prior,31017,72.20523255574517,True,10,2,illustrative,0.17647058823529413
flat_prior,31018,49.73057773546316,True,10,2,illustrative,0.05263157894736842
flat_prior,31019,88.88611579046119,True,12,2,illustrative,0.2222222222222222
flat_prior,31020,57.7266933072824,True,12,1,illustrative,0.2222222222222222
flat_prior,31021,63.68435176438652,True,11,4,illustrative,0.05
flat_prior,31022,97.1440359915141,True,11,2,illustrative,0.10526315789473684
flat_prior,31023,68.31449704326224,True,11,0,illustrative,0.16666666666666666
flat_prior,31024,77.55196394841187,True,11,0,illustrative,0.16666666666666666
flat_prior,31025,74.89279091055505,True,11,1,illustrative,0.23529411764705882
flat_prior,31026,92.07159957312979,True,12,0,illustrative,0.15789473684210525
flat_prior,31027,84.3727782596834,True,10,2,illustrative,0.17647058823529413
flat_prior,31028,84.30203288956545,True,11,0,illustrative,0.23529411764705882
flat_prior,31029,57.09441941627301,True,11,2,illustrative,0.23529411764705882
flat_prior,31030,100.28451576433145,True,11,0,illustrative,0.16666666666666666
flat_prior,31031,62.80485116946511,True,11,2,illustrative,0.3125
flat_prior,31032,74.29382497805636,True,12,1,illustrative,0.2222222222222222
flat_prior,31033,81.92490083887242,True,11,1,illustrative,0.0
flat_prior,31034,68.97108795598615,True,11,1,illustrative,0.16666666666666666
flat_prior,31035,79.52131260721944,True,11,1,illustrative,0.10526315789473684
flat_prior,31036,109.15992311341688,True,12,0,illustrative,0.4666666666666667
flat_prior,31037,84.36340768856462,True,12,2,illustrative,0.29411764705882354
flat_prior,31038,54.10276385699399,True,10,1,illustrative,0.17647058823529413
flat_prior,31039,123.80263092194218,True,12,0,illustrative,0.29411764705882354
flat_prior,31040,60.68689619214274,True,11,3,illustrative,0.23529411764705882
flat_prior,31041,80.35284227668308,True,11,1,illustrative,0.05
flat_prior,31042,47.90355564211495,True,11,0,illustrative,0.23529411764705882
flat_prior,31043,77.45208842947613,True,11,0,illustrative,0.16666666666666666
flat_prior,31044,91.12503612053115,True,11,2,illustrative,0.16666666666666666
flat_prior,31045,80.18780569580849,True,10,1,illustrative,0.1111111111111111
flat_prior,31046,78.46338384062983,True,12,2,illustrative,0.15789473684210525
flat_prior,31047,74.01205210830085,True,11,0,illustrative,0.23529411764705882
flat_prior,31048,91.50963646254968,True,11,1,illustrative,0.23529411764705882
flat_prior,31049,51.02177247754298,True,11,1,illustrative,0.23529411764705882
sparse_prior,32000,88.32806575391442,True,11,1,illustrative,0.23529411764705882
sparse_prior,32001,115.45279004890472,True,11,0,illustrative,0.16666666666666666
sparse_prior,32002,106.90398504893528,True,11,0,illustrative,0.10526315789473684
sparse_prior,32003,71.88020918006077,True,10,1,illustrative,0.3333333333333333
sparse_prior,32004,100.34325650404207,True,11,1,illustrative,0.16666666666666666
sparse_prior,32005,90.72344279050594,True,11,0,illustrative,0.16666666666666666
sparse_prior,32006,106.14044554065913,True,11,1,illustrative,0.16666666666666666
sparse_prior,32007,64.8750342723215,True,10,1,illustrative,0.25
sparse_prior,32008,87.82800509792287,True,12,0,illustrative,0.29411764705882354
sparse_prior,32009,112.69483117538039,True,11,0,illustrative,0.23529411764705882
sparse_prior,32010,129.54195452918066,True,12,0,illustrative,0.15789473684210525
sparse_prior,32011,42.45509066211525,True,11,1,illustrative,0.10526315789473684
sparse_prior,32012,97.18128298805095,True,11,0,illustrative,0.23529411764705882
sparse_prior,32013,105.02674134436529,True,11,0,illustrative,0.3125
sparse_prior,32014,77.59161995409522,True,10,0,illustrative,0.17647058823529413
sparse_prior,32015,107.53520655503962,True,11,0,illustrative,0.10526315789473684
sparse_prior,32016,68.65824652276933,True,11,1,illustrative,0.23529411764705882
sparse_prior,32017,125.96502958587371,True,12,0,illustrative,0.047619047619047616
sparse_prior,32018,74.89039717672858,True,11,1,illustrative,0.3125
sparse_prior,32019,74.2204427223187,True,12,1,illustrative,0.2222222222222222
sparse_prior,32020,111.13745862047654,True,11,0,illustrative,0.05
sparse_prior,32021,68.21933138172608,True,11,1,illustrative,0.3125
sparse_prior,32022,82.36160111287609,True,11,1,illustrative,0.16666666666666666
sparse_prior,32023,51.92745812202338,True,10,1,illustrative,0.05263157894736842
sparse_prior,32024,53.27829054463655,True,11,2,illustrative,0.4
sparse_prior,32025,77.1663893153891,True,11,1,illustrative,0.23529411764705882
sparse_prior,32026,112.69479168846738,True,11,0,illustrative,0.23529411764705882
sparse_prior,32027,110.79778378386982,True,11,0,illustrative,0.16666666666666666
sparse_prior,32028,55.15779773762915,True,10,1,illustrative,0.3333333333333333
sparse_prior,32029,67.99439770146273,True,10,2,illustrative,0.25
sparse_prior,32030,98.72880078025628,True,12,0,illustrative,0.2222222222222222
sparse_prior,32031,87.13716348109301,True,11,0,illustrative,0.10526315789473684
sparse_prior,32032,122.70297247706912,True,12,0,illustrative,0.15789473684210525
sparse_prior,32033,98.83486236666795,True,11,2,illustrative,0.16666666666666666
sparse_prior,32034,106.57739974593278,True,11,1,illustrative,0.10526315789473684
sparse_prior,32035,102.20721663255244,True,12,1,illustrative,0.15789473684210525
sparse_prior,32036,112.52150221524062,True,11,0,illustrative,0.10526315789473684
sparse_prior,32037,59.07768951822072,True,10,0,illustrative,0.17647058823529413
sparse_prior,32038,75.5475572500145,True,11,2,illustrative,0.23529411764705882
sparse_prior,32039,84.18706442404073,True,11,1,illustrative,0.4
sparse_prior,32040,115.6989780823933,True,11,0,illustrative,0.23529411764705882
sparse_prior,32041,123.49330118531361,True,11,0,illustrative,0.3125
sparse_prior,32042,123.8653697577538,True,11,0,illustrative,0.23529411764705882
sparse_prior,32043,69.12922068045009,True,11,0,illustrative,0.16666666666666666
sparse_prior,32044,116.67938078992302,True,11,0,illustrative,0.05
sparse_prior,32045,91.3873953516595,True,11,1,illustrative,0.10526315789473684
sparse_prior,32046,115.75921349809505,True,12,0,illustrative,0.15789473684210525
sparse_prior,32047,61.83033852127846,True,11,0,illustrative,0.10526315789473684
sparse_prior,32048,80.1842743611196,True,12,0,illustrative,0.4666666666666667
sparse_prior,32049,108.29834325099364,True,12,1,illustrative,0.29411764705882354
ground_truth_oracle,33000,35.64788403874263,True,12,0,illustrative,0.29411764705882354
ground_truth_oracle,33001,11.798837154638022,True,12,0,illustrative,0.15789473684210525
ground_truth_oracle,33002,23.389435209566727,True,12,0,illustrative,0.375
ground_truth_oracle,33003,18.67214513604995,True,11,0,illustrative,0.3125
ground_truth_oracle,33004,-1.2716020240914077,True,11,0,illustrative,0.6153846153846154
ground_truth_oracle,33005,21.982481309678406,True,11,0,illustrative,0.16666666666666666
ground_truth_oracle,33006,43.44126048439648,True,12,0,illustrative,0.2222222222222222
ground_truth_oracle,33007,19.771386542823166,True,11,0,illustrative,0.3125
ground_truth_oracle,33008,53.9663796935929,True,12,0,illustrative,0.15789473684210525
ground_truth_oracle,33009,64.40335920429789,True,12,0,illustrative,0.1
ground_truth_oracle,33010,28.30094261118211,True,11,0,illustrative,0.3125
ground_truth_oracle,33011,-36.50189383071847,True,11,0,illustrative,0.4
ground_truth_oracle,33012,62.17202461883426,True,12,0,illustrative,0.15789473684210525
ground_truth_oracle,33013,39.54837327694986,True,12,0,illustrative,0.2222222222222222
ground_truth_oracle,33014,102.15627461101394,True,12,0,illustrative,0.1
ground_truth_oracle,33015,35.638949701562524,True,12,0,illustrative,0.29411764705882354
ground_truth_oracle,33016,25.235901911510155,True,12,0,illustrative,0.2222222222222222
ground_truth_oracle,33017,0.019021188840270042,True,11,0,illustrative,0.4
ground_truth_oracle,33018,69.3353360670153,True,12,0,illustrative,0.2222222222222222
ground_truth_oracle,33019,84.45554053131491,True,12,0,illustrative,0.047619047619047616
ground_truth_oracle,33020,95.25699820683803,True,12,0,illustrative,0.15789473684210525
ground_truth_oracle,33021,26.46832007030025,True,12,0,illustrative,0.2222222222222222
ground_truth_oracle,33022,72.08240911422763,True,12,0,illustrative,0.2222222222222222
ground_truth_oracle,33023,-32.599153738003224,True,10,0,illustrative,0.3333333333333333
ground_truth_oracle,33024,72.0839582500048,True,12,0,illustrative,0.2222222222222222
ground_truth_oracle,33025,0.0741488307248801,True,12,0,illustrative,0.2222222222222222
ground_truth_oracle,33026,27.470450723543763,True,12,0,illustrative,0.29411764705882354
ground_truth_oracle,33027,-9.432645023567602,True,11,0,illustrative,0.23529411764705882
ground_truth_oracle,33028,28.85597999987658,True,11,0,illustrative,0.3125
ground_truth_oracle,33029,31.23886668961495,True,12,0,illustrative,0.375
ground_truth_oracle,33030,57.928352339193225,True,12,0,illustrative,0.047619047619047616
ground_truth_oracle,33031,15.779631806886755,True,11,0,illustrative,0.16666666666666666
ground_truth_oracle,33032,38.47825446748175,True,12,0,illustrative,0.2222222222222222
ground_truth_oracle,33033,53.910843997611664,True,12,0,illustrative,0.29411764705882354
ground_truth_oracle,33034,51.2785016563721,True,12,0,illustrative,0.1
ground_truth_oracle,33035,45.0028059813194,True,12,0,illustrative,0.29411764705882354
ground_truth_oracle,33036,20.46038158866577,True,12,0,illustrative,0.29411764705882354
ground_truth_oracle,33037,89.99259194917977,True,12,0,illustrative,0.2222222222222222
ground_truth_oracle,33038,2.2761837746948004,True,12,0,illustrative,0.29411764705882354
ground_truth_oracle,33039,12.365774943260476,True,12,0,illustrative,0.29411764705882354
ground_truth_oracle,33040,88.95394644106273,True,12,0,illustrative,0.375
ground_truth_oracle,33041,77.74545335490257,True,12,0,illustrative,0.29411764705882354
ground_truth_oracle,33042,36.609941475093365,True,12,0,illustrative,0.15789473684210525
ground_truth_oracle,33043,25.199850831879303,True,11,0,illustrative,0.5
ground_truth_oracle,33044,87.25004733132664,True,12,0,illustrative,0.15789473684210525
ground_truth_oracle,33045,104.31065203621984,True,12,0,illustrative,0.2222222222222222
ground_truth_oracle,33046,-10.185113291954622,True,12,0,illustrative,0.375
ground_truth_oracle,33047,60.606252553872764,True,12,0,illustrative,0.375
ground_truth_oracle,33048,17.80649621831253,True,12,0,illustrative,0.1
ground_truth_oracle,33049,28.63264689571224,True,11,0,illustrative,0.23529411764705882
