member_i,member_j,action_i,action_j,solver_pair_benefit,solver_single_benefit_sum,interaction_utility,derivation,source
0,1,jacket,jacket,7.418353244510847,7.527095858393054,-0.10874261388220674,paired frame-solver finite difference,illustrative
0,1,jacket,combined,9.935695122682873,10.340238104157855,-0.40454298147498235,paired frame-solver finite difference,illustrative
0,1,combined,jacket,10.31364905194442,10.727310451304444,-0.41366139936002355,paired frame-solver finite difference,illustrative
0,1,combined,combined,12.759559107992438,13.540452697069245,-0.7808935890768076,paired frame-solver finite difference,illustrative
0,2,jacket,jacket,7.236880148794551,7.466079132178276,-0.2291989833837249,paired frame-solver finite difference,illustrative
0,2,jacket,combined,11.566806713550726,12.336101886498252,-0.7692951729475261,paired frame-solver finite difference,illustrative
0,2,combined,jacket,10.105531740654872,10.666293725089666,-0.5607619844347944,paired frame-solver finite difference,illustrative
0,2,combined,combined,14.33361573219253,15.536316479409642,-1.2027007472171114,paired frame-solver finite difference,illustrative
0,3,jacket,combined,9.811614800070547,10.195491833021109,-0.3838770329505614,paired frame-solver finite difference,illustrative
0,3,combined,jacket,9.781389405324408,10.163529980255337,-0.38214057493092923,paired frame-solver finite difference,illustrative
0,3,combined,combined,12.554463678361731,13.395706425932499,-0.8412427475707673,paired frame-solver finite difference,illustrative
0,4,combined,combined,6.5265597908380535,6.531331149687887,-0.004771358849833263,paired frame-solver finite difference,illustrative
0,5,jacket,jacket,7.333419901711213,7.106211308359125,0.22720859335208843,paired frame-solver finite difference,illustrative
0,5,jacket,combined,9.51490099840413,9.240601546403155,0.2742994520009745,paired frame-solver finite difference,illustrative
0,5,combined,jacket,10.624115583112737,10.306425901270515,0.31768968184222146,paired frame-solver finite difference,illustrative
0,5,combined,combined,12.818538225476654,12.440816139314546,0.3777220861621089,paired frame-solver finite difference,illustrative
0,6,jacket,jacket,7.427697607796162,7.311497610041826,0.11619999775433598,paired frame-solver finite difference,illustrative
0,6,jacket,combined,9.612066879274561,9.47190879682072,0.14015808245384065,paired frame-solver finite difference,illustrative
0,6,combined,jacket,10.667055493545128,10.511712202953216,0.15534329059191165,paired frame-solver finite difference,illustrative
0,6,combined,combined,12.856887555979224,12.67212338973211,0.18476416624711334,paired frame-solver finite difference,illustrative
0,7,jacket,jacket,3.33962819924448,3.334438023442008,0.005190175802471941,paired frame-solver finite difference,illustrative
0,7,jacket,combined,4.06359710740217,4.0431158057445415,0.020481301657628848,paired frame-solver finite difference,illustrative
0,7,combined,jacket,6.541032686458408,6.534652616353398,0.00638007010500985,paired frame-solver finite difference,illustrative
0,7,combined,combined,7.2666635188787865,7.243330398655932,0.02333312022285483,paired frame-solver finite difference,illustrative
0,9,combined,jacket,7.669517681582434,7.673810041189739,-0.0042923596073052295,paired frame-solver finite difference,illustrative
0,9,combined,combined,8.538889737688802,8.545726086019254,-0.006836348330452324,paired frame-solver finite difference,illustrative
0,10,jacket,jacket,4.533879239826533,4.477001119652133,0.05687812017439953,paired frame-solver finite difference,illustrative
0,10,jacket,combined,5.040602951905004,4.983899842931354,0.056703108973650274,paired frame-solver finite difference,illustrative
0,10,combined,jacket,7.734849875142125,7.677215712563523,0.05763416257860143,paired frame-solver finite difference,illustrative
0,10,combined,combined,8.240920438325752,8.184114435842744,0.05680600248300749,paired frame-solver finite difference,illustrative
0,12,jacket,jacket,3.9365673212178898,3.9540296259082197,-0.017462304690329944,paired frame-solver finite difference,illustrative
0,12,jacket,combined,6.41451456182244,6.219135253519461,0.19537930830297867,paired frame-solver finite difference,illustrative
0,12,combined,jacket,7.143526013677928,7.15424421881961,-0.010718205141682091,paired frame-solver finite difference,illustrative
0,12,combined,combined,9.645475006594406,9.419349846430851,0.226125160163555,paired frame-solver finite difference,illustrative
0,13,jacket,combined,3.466196117756084,3.472555897470091,-0.006359779714006919,paired frame-solver finite difference,illustrative
0,13,combined,jacket,6.6202730812544175,6.626914238078143,-0.00664115682372568,paired frame-solver finite difference,illustrative
0,13,combined,combined,6.662081585724238,6.672770490381481,-0.01068890465724337,paired frame-solver finite difference,illustrative
0,14,jacket,jacket,3.95638954846266,3.903218018599599,0.05317152986306084,paired frame-solver finite difference,illustrative
0,14,jacket,combined,4.347525314585745,4.304986827477588,0.042538487108156886,paired frame-solver finite difference,illustrative
0,14,combined,jacket,7.139322317780223,7.103432611510989,0.03588970626923427,paired frame-solver finite difference,illustrative
0,14,combined,combined,7.525909388429959,7.505201420388978,0.020707968040980518,paired frame-solver finite difference,illustrative
0,15,jacket,jacket,3.4367150524908396,3.4226247149295475,0.014090337561292188,paired frame-solver finite difference,illustrative
0,15,combined,jacket,6.636255031628053,6.6228393078409376,0.013415723787115752,paired frame-solver finite difference,illustrative
0,18,combined,combined,6.5935543707057676,6.589235992660516,0.004318378045251592,paired frame-solver finite difference,illustrative
1,2,jacket,jacket,8.80011541283137,8.345452074022948,0.45466333880842313,paired frame-solver finite difference,illustrative
1,2,jacket,combined,13.227870561373596,13.215474828342924,0.012395733030672318,paired frame-solver finite difference,illustrative
1,2,combined,jacket,11.354672154018832,11.158594319787749,0.19607783423108316,paired frame-solver finite difference,illustrative
1,2,combined,combined,15.806999719086203,16.028617074107725,-0.2216173550215217,paired frame-solver finite difference,illustrative
1,3,jacket,jacket,7.588613245221936,7.8426883291886185,-0.25407508396668277,paired frame-solver finite difference,illustrative
1,3,jacket,combined,10.486645452609427,11.07486477486578,-0.5882193222563536,paired frame-solver finite difference,illustrative
1,3,combined,jacket,10.100130386950124,10.65583057495342,-0.5557001880032963,paired frame-solver finite difference,illustrative
1,3,combined,combined,12.924599674727624,13.888007020630582,-0.963407345902958,paired frame-solver finite difference,illustrative
1,5,jacket,jacket,7.823408246719676,7.985584250203797,-0.1621760034841202,paired frame-solver finite difference,illustrative
1,5,jacket,combined,9.871641932178221,10.119974488247827,-0.24833255606960591,paired frame-solver finite difference,illustrative
1,5,combined,jacket,10.527957960935286,10.798726495968598,-0.2707685350333122,paired frame-solver finite difference,illustrative
1,5,combined,combined,12.55511188231111,12.933116734012629,-0.3780048517015189,paired frame-solver finite difference,illustrative
1,6,jacket,jacket,8.99911326717076,8.190870551886498,0.808242715284262,paired frame-solver finite difference,illustrative
1,6,jacket,combined,11.161543519907884,10.351281738665392,0.8102617812424917,paired frame-solver finite difference,illustrative
1,6,combined,jacket,11.932789488659399,11.0040127976513,0.9287766910080997,paired frame-solver finite difference,illustrative
1,6,combined,combined,14.097318441525193,13.164423984430194,0.9328944570949993,paired frame-solver finite difference,illustrative
1,7,jacket,combined,4.928367481075124,4.922488747589213,0.0058787334859111695,paired frame-solver finite difference,illustrative
1,7,combined,jacket,7.031422391886526,7.026953211051481,0.004469180835044995,paired frame-solver finite difference,illustrative
1,7,combined,combined,7.7422089790212745,7.735630993354015,0.006577985667259867,paired frame-solver finite difference,illustrative
1,9,jacket,jacket,5.457160072305065,5.352968390123021,0.10419168218204433,paired frame-solver finite difference,illustrative
1,9,jacket,combined,6.339274741855672,6.224884434952536,0.11439030690313601,paired frame-solver finite difference,illustrative
1,9,combined,jacket,8.28196196303912,8.166110635887822,0.11585132715129731,paired frame-solver finite difference,illustrative
1,9,combined,combined,9.165135045122028,9.038026680717337,0.1271083644046911,paired frame-solver finite difference,illustrative
1,10,jacket,jacket,5.3650686754411225,5.356374061496805,0.008694613944317808,paired frame-solver finite difference,illustrative
1,10,jacket,combined,5.871781136807144,5.863272784776026,0.008508352031117994,paired frame-solver finite difference,illustrative
1,10,combined,jacket,8.177731593801063,8.169516307261606,0.008215286539456912,paired frame-solver finite difference,illustrative
1,10,combined,combined,8.684224155416853,8.676415030540827,0.007809124876025919,paired frame-solver finite difference,illustrative
1,12,jacket,jacket,4.920452377064812,4.833402567752891,0.08704980931192097,paired frame-solver finite difference,illustrative
1,12,jacket,combined,7.161521079326807,7.098508195364133,0.06301288396267424,paired frame-solver finite difference,illustrative
1,12,combined,jacket,7.73235901508432,7.646544813517693,0.08581420156662745,paired frame-solver finite difference,illustrative
1,12,combined,combined,9.968354758633193,9.911650441128934,0.056704317504259194,paired frame-solver finite difference,illustrative
1,14,jacket,jacket,4.759275245266235,4.782590960444271,-0.0233157151780361,paired frame-solver finite difference,illustrative
1,14,jacket,combined,5.140767964509649,5.18435976932226,-0.04359180481261049,paired frame-solver finite difference,illustrative
1,14,combined,jacket,7.557114426834914,7.595733206209072,-0.0386187793741577,paired frame-solver finite difference,illustrative
1,14,combined,combined,7.934339155686008,7.997502015087061,-0.0631628594010536,paired frame-solver finite difference,illustrative
1,15,jacket,combined,5.911963076217788,5.907804270926658,0.004158805291130108,paired frame-solver finite difference,illustrative
1,15,combined,combined,8.725520379139162,8.720946516691459,0.004573862447703192,paired frame-solver finite difference,illustrative
1,17,jacket,jacket,4.303875324686324,4.29103480072575,0.012840523960573336,paired frame-solver finite difference,illustrative
1,17,jacket,combined,4.38098710527175,4.366240385434139,0.014746719837610556,paired frame-solver finite difference,illustrative
1,17,combined,jacket,7.116974271039673,7.104177046490552,0.012797224549121466,paired frame-solver finite difference,illustrative
1,17,combined,combined,7.194096819351561,7.179382631198941,0.014714188152620267,paired frame-solver finite difference,illustrative
2,3,jacket,jacket,7.667007467449896,7.781671602973841,-0.11466413552394528,paired frame-solver finite difference,illustrative
2,3,jacket,combined,10.593644378197844,11.013848048651003,-0.42020367045315865,paired frame-solver finite difference,illustrative
2,3,combined,jacket,12.010393197909401,12.651694357293817,-0.6413011593844153,paired frame-solver finite difference,illustrative
2,3,combined,combined,14.838095940203306,15.883870802970979,-1.0457748627676722,paired frame-solver finite difference,illustrative
2,5,jacket,jacket,8.73427343623236,7.924567523989019,0.8097059122433414,paired frame-solver finite difference,illustrative
2,5,jacket,combined,10.871156492007845,10.05895776203305,0.8121987299747957,paired frame-solver finite difference,illustrative
2,5,combined,jacket,13.740171036278728,12.794590278308995,0.9455807579697328,paired frame-solver finite difference,illustrative
2,5,combined,combined,15.880947218106733,14.928980516353025,0.9519667017537081,paired frame-solver finite difference,illustrative
2,6,jacket,jacket,7.949711038183622,8.12985382567172,-0.18014278748809787,paired frame-solver finite difference,illustrative
2,6,jacket,combined,10.022119330865475,10.290265012450615,-0.2681456815851391,paired frame-solver finite difference,illustrative
2,6,combined,jacket,12.629146497871275,12.999876579991696,-0.3707300821204207,paired frame-solver finite difference,illustrative
2,6,combined,combined,14.67089459742935,15.16028776677059,-0.4893931693412412,paired frame-solver finite difference,illustrative
2,7,jacket,combined,4.882672589121579,4.861472021374436,0.02120056774714385,paired frame-solver finite difference,illustrative
2,7,combined,jacket,9.028458437672704,9.022816993391878,0.005641444280826136,paired frame-solver finite difference,illustrative
2,7,combined,combined,9.756976936610222,9.731494775694411,0.02548216091581068,paired frame-solver finite difference,illustrative
2,9,jacket,jacket,5.296396201787612,5.291951663908243,0.004444537879368937,paired frame-solver finite difference,illustrative
2,10,jacket,jacket,5.404215931328107,5.295357335282027,0.10885859604607973,paired frame-solver finite difference,illustrative
2,10,jacket,combined,5.919447562190072,5.802256058561248,0.11719150362882402,paired frame-solver finite difference,illustrative
2,10,combined,jacket,10.289800605963944,10.165380089602003,0.12442051636194051,paired frame-solver finite difference,illustrative
2,10,combined,combined,10.806324489940682,10.672278812881224,0.1340456770594578,paired frame-solver finite difference,illustrative
2,12,jacket,jacket,4.743863687444296,4.772385841538114,-0.02852215409381742,paired frame-solver finite difference,illustrative
2,12,jacket,combined,6.889728467148881,7.037491469149355,-0.14776300200047388,paired frame-solver finite difference,illustrative
2,12,combined,jacket,9.586773380142866,9.64240859585809,-0.05563521571522401,paired frame-solver finite difference,illustrative
2,12,combined,combined,11.714300224317551,11.907514223469331,-0.19321399915178006,paired frame-solver finite difference,illustrative
2,14,jacket,jacket,4.810596448048656,4.721574234229493,0.0890222138191632,paired frame-solver finite difference,illustrative
2,14,jacket,combined,5.2191620686355655,5.123343043107482,0.0958190255280833,paired frame-solver finite difference,illustrative
2,14,combined,jacket,9.677452414787062,9.591596988549469,0.08585542623759324,paired frame-solver finite difference,illustrative
2,14,combined,combined,10.084856533132314,9.993365797427458,0.09149073570485555,paired frame-solver finite difference,illustrative
2,15,jacket,jacket,4.255007565008881,4.2409809305594415,0.014026634449439968,paired frame-solver finite difference,illustrative
2,15,jacket,combined,5.866483721128795,5.84678754471188,0.019696176416914568,paired frame-solver finite difference,illustrative
2,15,combined,jacket,9.125002474766095,9.111003684879417,0.013998789886677798,paired frame-solver finite difference,illustrative
2,15,combined,combined,10.736891973108182,10.716810299031856,0.02008167407632655,paired frame-solver finite difference,illustrative
3,5,jacket,jacket,7.539057343388684,7.42180377915469,0.11725356423399447,paired frame-solver finite difference,illustrative
3,5,jacket,combined,9.697112678527837,9.55619401719872,0.1409186613291169,paired frame-solver finite difference,illustrative
3,5,combined,jacket,10.810304864966849,10.653980224831852,0.15632464013499714,paired frame-solver finite difference,illustrative
3,5,combined,combined,12.973808135702143,12.788370462875882,0.18543767282626078,paired frame-solver finite difference,illustrative
3,6,jacket,jacket,7.85609917213872,7.627090080837391,0.22900909130132874,paired frame-solver finite difference,illustrative
3,6,jacket,combined,10.063535674772428,9.787501267616285,0.2760344071561427,paired frame-solver finite difference,illustrative
3,6,combined,jacket,11.17865106831843,10.859266526514553,0.31938454180387765,paired frame-solver finite difference,illustrative
3,6,combined,combined,13.399023854215457,13.019677713293447,0.37934614092201,paired frame-solver finite difference,illustrative
3,7,jacket,combined,4.31771667604357,4.358708276540106,-0.04099160049653605,paired frame-solver finite difference,illustrative
3,7,combined,combined,7.542195272476491,7.590884722217268,-0.04868944974077749,paired frame-solver finite difference,illustrative
3,9,jacket,jacket,4.840858966824868,4.789187919073914,0.0516710477509541,paired frame-solver finite difference,illustrative
3,9,jacket,combined,5.708523002319019,5.661103963903429,0.047419038415590364,paired frame-solver finite difference,illustrative
3,9,combined,jacket,8.073785073594042,8.021364364751076,0.052420708842966235,paired frame-solver finite difference,illustrative
3,9,combined,combined,8.94038660203936,8.89328040958059,0.047106192458770124,paired frame-solver finite difference,illustrative
3,10,jacket,jacket,4.798040080468446,4.792593590447698,0.0054464900207484845,paired frame-solver finite difference,illustrative
3,10,jacket,combined,5.304577786210771,5.299492313726919,0.005085472483852271,paired frame-solver finite difference,illustrative
3,12,jacket,jacket,4.317368471797831,4.269622096703785,0.047746375094046556,paired frame-solver finite difference,illustrative
3,12,jacket,combined,6.4689771757103465,6.534727724315026,-0.06575054860467944,paired frame-solver finite difference,illustrative
3,12,combined,jacket,7.531594869821703,7.501798542380946,0.029796327440756443,paired frame-solver finite difference,illustrative
3,12,combined,combined,9.666068227225733,9.766904169992188,-0.10083594276645513,paired frame-solver finite difference,illustrative
3,13,jacket,combined,3.781300870749096,3.788148368265656,-0.006847497516559997,paired frame-solver finite difference,illustrative
3,13,combined,jacket,6.967339552225642,6.97446856163948,-0.00712900941383765,paired frame-solver finite difference,illustrative
3,13,combined,combined,7.00909921437912,7.020324813942818,-0.011225599563697841,paired frame-solver finite difference,illustrative
3,14,jacket,jacket,4.205575734878906,4.218810489395164,-0.013234754516258107,paired frame-solver finite difference,illustrative
3,14,jacket,combined,4.637574668465145,4.620579298273153,0.016995370191992265,paired frame-solver finite difference,illustrative
3,14,combined,jacket,7.444568935283904,7.450986935072326,-0.006417999788421724,paired frame-solver finite difference,illustrative
3,14,combined,combined,7.880933886504451,7.852755743950315,0.028178142554136087,paired frame-solver finite difference,illustrative
3,17,jacket,jacket,3.740434429700077,3.7272543296766436,0.013180100023433283,paired frame-solver finite difference,illustrative
3,17,jacket,combined,3.8168728589230305,3.8024599143850324,0.01441294453799813,paired frame-solver finite difference,illustrative
3,17,combined,jacket,6.971960298812228,6.959430775353805,0.012529523458422176,paired frame-solver finite difference,illustrative
3,17,combined,combined,7.048233448706931,7.034636360062194,0.013597088644736743,paired frame-solver finite difference,illustrative
4,5,jacket,combined,5.9079407982094345,5.913797614360625,-0.0058568161511907135,paired frame-solver finite difference,illustrative
4,5,combined,jacket,3.784902177077818,3.7896049485872396,-0.004702771509421666,paired frame-solver finite difference,illustrative
4,5,combined,combined,5.915083736312887,5.92399518663127,-0.008911450318382919,paired frame-solver finite difference,illustrative
4,6,jacket,jacket,3.979691745719389,3.984693677999296,-0.00500193227990664,paired frame-solver finite difference,illustrative
4,6,jacket,combined,6.135721059573367,6.14510486477819,-0.009383805204823403,paired frame-solver finite difference,illustrative
4,6,combined,jacket,3.986375667125852,3.9948912502699407,-0.008515583144088623,paired frame-solver finite difference,illustrative
4,6,combined,combined,6.141470023116931,6.155302437048835,-0.013832413931904597,paired frame-solver finite difference,illustrative
4,15,jacket,combined,1.7071664333987613,1.7016273970394558,0.005539036359305527,paired frame-solver finite difference,illustrative
4,15,combined,combined,1.7184231987350174,1.7118249693101006,0.006598229424916724,paired frame-solver finite difference,illustrative
5,6,jacket,jacket,8.73371998964382,7.769986001852569,0.963733987791251,paired frame-solver finite difference,illustrative
5,6,jacket,combined,10.647849858597507,9.930397188631463,0.7174526699660433,paired frame-solver finite difference,illustrative
5,6,combined,jacket,10.618722791295898,9.9043762398966,0.7143465513992986,paired frame-solver finite difference,illustrative
5,6,combined,combined,12.673540324414017,12.064787426675494,0.6087528977385226,paired frame-solver finite difference,illustrative
5,7,jacket,combined,4.322279830150713,4.5016041975552845,-0.17932436740457192,paired frame-solver finite difference,illustrative
5,7,combined,jacket,5.919853574900724,5.927316653296781,-0.007463078396057199,paired frame-solver finite difference,illustrative
5,7,combined,combined,6.4317173309631315,6.635994435599315,-0.20427710463618354,paired frame-solver finite difference,illustrative
5,9,jacket,jacket,4.856794127831776,4.932083840089092,-0.07528971225731595,paired frame-solver finite difference,illustrative
5,9,jacket,combined,5.6522476473245575,5.803999884918607,-0.15175223759404943,paired frame-solver finite difference,illustrative
5,9,combined,jacket,6.889358383667865,7.066474078133123,-0.17711569446525743,paired frame-solver finite difference,illustrative
5,9,combined,combined,7.665056283232374,7.9383901229626375,-0.27333383973026315,paired frame-solver finite difference,illustrative
5,10,jacket,jacket,5.191933553911081,4.935489511462876,0.25644404244820507,paired frame-solver finite difference,illustrative
5,10,jacket,combined,5.730542512629491,5.442388234742097,0.28815427788739356,paired frame-solver finite difference,illustrative
5,10,combined,jacket,7.3499495292562145,7.069879749506907,0.2800697797493079,paired frame-solver finite difference,illustrative
5,10,combined,combined,7.89141250552861,7.576778472786128,0.31463403274248236,paired frame-solver finite difference,illustrative
5,12,jacket,jacket,4.497252491156267,4.412518017718963,0.08473447343730456,paired frame-solver finite difference,illustrative
5,12,jacket,combined,6.721823802975422,6.677623645330204,0.044200157645217786,paired frame-solver finite difference,illustrative
5,12,combined,jacket,6.628772070065043,6.546908255762993,0.08186381430205003,paired frame-solver finite difference,illustrative
5,12,combined,combined,8.846728678176436,8.812013883374235,0.034714794802201965,paired frame-solver finite difference,illustrative
5,13,jacket,combined,3.9356588502444723,3.931044289280834,0.004614560963638326,paired frame-solver finite difference,illustrative
5,13,combined,combined,6.07093187783903,6.065434527324864,0.005497350514165333,paired frame-solver finite difference,illustrative
5,14,jacket,jacket,4.336655277879196,4.361706410410342,-0.025051132531146436,paired frame-solver finite difference,illustrative
5,14,jacket,combined,4.713762129708439,4.763475219288331,-0.04971308957989251,paired frame-solver finite difference,illustrative
5,14,combined,jacket,6.455942534610148,6.4960966484543725,-0.04015411384422407,paired frame-solver finite difference,illustrative
5,14,combined,combined,6.82850048759029,6.897865457332362,-0.06936496974207174,paired frame-solver finite difference,illustrative
5,15,jacket,jacket,3.8986728168815965,3.8811131067402904,0.017559710141306084,paired frame-solver finite difference,illustrative
5,15,jacket,combined,5.473482156915512,5.486919720892729,-0.013437563977216627,paired frame-solver finite difference,illustrative
5,15,combined,jacket,6.036874518582671,6.015503344784321,0.021371173798350185,paired frame-solver finite difference,illustrative
5,15,combined,combined,7.608275351559968,7.621309958936759,-0.01303460737679174,paired frame-solver finite difference,illustrative
5,16,combined,combined,5.954282479142918,5.949768695246362,0.0045137838965558785,paired frame-solver finite difference,illustrative
5,17,jacket,combined,3.938148882086221,3.9453558354002105,-0.0072069533139895725,paired frame-solver finite difference,illustrative
5,17,combined,jacket,5.999137753225732,6.004540488735852,-0.005402735510120493,paired frame-solver finite difference,illustrative
5,17,combined,combined,6.067502207491202,6.079746073444241,-0.012243865953038835,paired frame-solver finite difference,illustrative
5,18,jacket,combined,3.852055496625848,3.847509791559869,0.0045457050659791776,paired frame-solver finite difference,illustrative
5,18,combined,combined,5.9870385952701355,5.981900029603899,0.005138565666236161,paired frame-solver finite difference,illustrative
6,7,jacket,combined,4.579619861797646,4.706890499237986,-0.12727063744033984,paired frame-solver finite difference,illustrative
6,7,combined,combined,6.721322390573761,6.86730168601688,-0.14597929544311938,paired frame-solver finite difference,illustrative
6,9,jacket,jacket,5.389659829690245,5.137370141771793,0.2522896879184522,paired frame-solver finite difference,illustrative
6,9,jacket,combined,6.293577563452004,6.009286186601308,0.28429137685069605,paired frame-solver finite difference,illustrative
6,9,combined,jacket,7.573594029561246,7.297781328550688,0.2758127010105582,paired frame-solver finite difference,illustrative
6,9,combined,combined,8.480422592034795,8.169697373380203,0.3107252186545928,paired frame-solver finite difference,illustrative
6,10,jacket,jacket,5.0699293282692,5.140775813145577,-0.07084648487637679,paired frame-solver finite difference,illustrative
6,10,jacket,combined,5.533002872200559,5.647674536424798,-0.11467166422423958,paired frame-solver finite difference,illustrative
6,10,combined,jacket,7.1285288565974625,7.301186999924472,-0.17265814332700913,paired frame-solver finite difference,illustrative
6,10,combined,combined,7.5756313984664025,7.808085723203693,-0.2324543247372901,paired frame-solver finite difference,illustrative
6,12,jacket,jacket,4.585605954989109,4.617804319401664,-0.032198364412554525,paired frame-solver finite difference,illustrative
6,12,jacket,combined,6.702844660113314,6.882909947012905,-0.18006528689959111,paired frame-solver finite difference,illustrative
6,12,combined,jacket,6.730205569545937,6.778215506180558,-0.04800993663462094,paired frame-solver finite difference,illustrative
6,12,combined,combined,8.82855189139958,9.0433211337918,-0.21476924239221873,paired frame-solver finite difference,illustrative
6,13,jacket,combined,4.140912743303513,4.136330590963535,0.004582152339978052,paired frame-solver finite difference,illustrative
6,13,combined,combined,6.302206653211222,6.2967417777424295,0.005464875468792485,paired frame-solver finite difference,illustrative
6,14,jacket,jacket,4.653847980287225,4.566992712093043,0.08685526819418143,paired frame-solver finite difference,illustrative
6,14,jacket,combined,5.059713155018972,4.968761520971032,0.09095163404793993,paired frame-solver finite difference,illustrative
6,14,combined,jacket,6.8115254930008895,6.727403898871938,0.08412159412895193,paired frame-solver finite difference,illustrative
6,14,combined,combined,7.216092646533614,7.129172707749927,0.0869199387836872,paired frame-solver finite difference,illustrative
6,15,jacket,combined,5.553145549193559,5.69220602257543,-0.13906047338187122,paired frame-solver finite difference,illustrative
6,15,combined,jacket,6.240525426083678,6.246810595201886,-0.006285169118207534,paired frame-solver finite difference,illustrative
6,15,combined,combined,7.693114690549638,7.8526172093543245,-0.15950251880468613,paired frame-solver finite difference,illustrative
6,16,combined,combined,6.185501639546747,6.1810759456639275,0.004425693882819104,paired frame-solver finite difference,illustrative
6,17,jacket,jacket,4.092621690736191,4.075436552374523,0.01718513836166835,paired frame-solver finite difference,illustrative
6,17,jacket,combined,4.168843494149748,4.150642137082912,0.01820135706683601,paired frame-solver finite difference,illustrative
6,17,combined,jacket,6.2569319275280755,6.235847739153417,0.021084188374658197,paired frame-solver finite difference,illustrative
6,17,combined,combined,6.333534783362982,6.311053323861806,0.02248145950117575,paired frame-solver finite difference,illustrative
6,18,jacket,combined,4.0569599729446715,4.05279609324257,0.004163879702101525,paired frame-solver finite difference,illustrative
6,18,combined,combined,6.217984579499056,6.213207280021464,0.004777299477591868,paired frame-solver finite difference,illustrative
7,9,jacket,jacket,1.1657860549142818,1.160310555171975,0.005475499742306766,paired frame-solver finite difference,illustrative
7,9,jacket,combined,2.038617713783406,2.03222660000149,0.006391113781916147,paired frame-solver finite difference,illustrative
7,9,combined,jacket,1.906362891982063,1.8689883374745087,0.037374554507554336,paired frame-solver finite difference,illustrative
7,9,combined,combined,2.783057025585176,2.7409043823040236,0.042152643281152535,paired frame-solver finite difference,illustrative
7,10,jacket,jacket,1.168310521907312,1.163716226545759,0.00459429536155298,paired frame-solver finite difference,illustrative
7,10,jacket,combined,1.6758986384891017,1.67061494982498,0.005283688664121655,paired frame-solver finite difference,illustrative
7,10,combined,jacket,1.9247141732184048,1.8723940088482927,0.05232016437011211,paired frame-solver finite difference,illustrative
7,10,combined,combined,2.4380466881739338,2.3792927321275137,0.058753956046420086,paired frame-solver finite difference,illustrative
7,12,combined,jacket,1.3445012253281519,1.3494225151043793,-0.004921289776227411,paired frame-solver finite difference,illustrative
7,12,combined,combined,3.6057911192587433,3.6145281427156206,-0.008737023456877324,paired frame-solver finite difference,illustrative
7,14,combined,jacket,1.304440283090642,1.2986109077957586,0.0058293752948834765,paired frame-solver finite difference,illustrative
7,14,combined,combined,1.7077071993635329,1.7003797166737478,0.007327482689785114,paired frame-solver finite difference,illustrative
7,17,combined,jacket,0.8150445919633853,0.8070547480772383,0.007989843886146986,paired frame-solver finite difference,illustrative
7,17,combined,combined,0.8916479342382644,0.8822603327856271,0.009387601452637284,paired frame-solver finite difference,illustrative
9,10,jacket,jacket,2.4726023834305977,2.3028736513821,0.16972873204849748,paired frame-solver finite difference,illustrative
9,10,jacket,combined,2.9187556316978913,2.8097723746613212,0.10898325703657008,paired frame-solver finite difference,illustrative
9,10,combined,jacket,3.2461419841306594,3.174789696211615,0.07135228791904424,paired frame-solver finite difference,illustrative
9,10,combined,combined,3.7084004295003226,3.681688419490836,0.02671201000948642,paired frame-solver finite difference,illustrative
9,12,jacket,jacket,1.7742087713346422,1.7799021576381868,-0.005693386303544656,paired frame-solver finite difference,illustrative
9,12,combined,jacket,2.6453644818733224,2.6518182024677017,-0.00645372059437932,paired frame-solver finite difference,illustrative
9,12,combined,combined,4.912526062980529,4.916923830078943,-0.004397767098414107,paired frame-solver finite difference,illustrative
9,14,jacket,jacket,1.7762397351254222,1.7290905503295662,0.04714918479585606,paired frame-solver finite difference,illustrative
9,14,jacket,combined,2.179141074970161,2.1308593592075553,0.04828171576260587,paired frame-solver finite difference,illustrative
9,14,combined,jacket,2.6541440342346867,2.601006595159081,0.05313743907560564,paired frame-solver finite difference,illustrative
9,14,combined,combined,3.0571622395153675,3.00277540403707,0.05438683547829726,paired frame-solver finite difference,illustrative
9,15,jacket,jacket,1.2631839401425005,1.2484972466595146,0.014686693482985902,paired frame-solver finite difference,illustrative
9,15,jacket,combined,2.847728550914681,2.854303860811953,-0.006575309897272064,paired frame-solver finite difference,illustrative
9,15,combined,jacket,2.1341024967709643,2.1204132914890295,0.013689205281934846,paired frame-solver finite difference,illustrative
9,15,combined,combined,3.7156968989617845,3.726219905641468,-0.010523006679683533,paired frame-solver finite difference,illustrative
9,17,jacket,jacket,1.2304839564990822,1.2375343906110459,-0.00705043411196371,paired frame-solver finite difference,illustrative
9,17,jacket,combined,1.3017194956897349,1.3127399753194346,-0.011020479629699764,paired frame-solver finite difference,illustrative
9,17,combined,jacket,2.09873234564542,2.1094504354405608,-0.010718089795140884,paired frame-solver finite difference,illustrative
9,17,combined,combined,2.169109693783433,2.1846560201489496,-0.01554632636551645,paired frame-solver finite difference,illustrative
9,18,jacket,combined,1.2032281370201225,1.214893931479093,-0.011665794458970424,paired frame-solver finite difference,illustrative
9,18,combined,combined,2.0743446021439915,2.086809976308608,-0.01246537416461635,paired frame-solver finite difference,illustrative
10,12,jacket,jacket,1.8358143541688499,1.7833078290119708,0.052506525156879036,paired frame-solver finite difference,illustrative
10,12,jacket,combined,4.106518186801775,4.048413456623212,0.0581047301785631,paired frame-solver finite difference,illustrative
10,12,combined,jacket,2.3485771609927575,2.290206552291192,0.05837060870156563,paired frame-solver finite difference,illustrative
10,12,combined,combined,4.619902135372893,4.555312179902433,0.06458995547045987,paired frame-solver finite difference,illustrative
10,15,jacket,jacket,1.2458623050743967,1.2519029180332986,-0.006040612958901903,paired frame-solver finite difference,illustrative
10,15,jacket,combined,2.7760585490931255,2.857709532185737,-0.08165098309261154,paired frame-solver finite difference,illustrative
10,15,combined,jacket,1.7505411384930802,1.7588016413125196,-0.008260502819439353,paired frame-solver finite difference,illustrative
10,15,combined,combined,3.271631113283,3.364608255464958,-0.09297714218195807,paired frame-solver finite difference,illustrative
10,17,jacket,jacket,1.254280410320785,1.2409400619848299,0.013340348335955099,paired frame-solver finite difference,illustrative
10,17,jacket,combined,1.3303790140490968,1.3161456466932187,0.014233367355878102,paired frame-solver finite difference,illustrative
10,17,combined,jacket,1.7606367592260597,1.747838785264051,0.012797973962008768,paired frame-solver finite difference,illustrative
10,17,combined,combined,1.8365478989370665,1.8230443699724397,0.01350352896462681,paired frame-solver finite difference,illustrative
10,18,jacket,combined,1.191473997457475,1.218299602852877,-0.026825605395401908,paired frame-solver finite difference,illustrative
10,18,combined,combined,1.6948088292768304,1.725198326132098,-0.030389496855267595,paired frame-solver finite difference,illustrative
12,13,combined,jacket,2.99289971959535,2.998111982137832,-0.005212262542482193,paired frame-solver finite difference,illustrative
12,13,combined,combined,3.0376032629004612,3.04396823444117,-0.006364971540708808,paired frame-solver finite difference,illustrative
12,14,jacket,jacket,1.2817457032294755,1.2095247279594368,0.07222097527003868,paired frame-solver finite difference,illustrative
12,14,jacket,combined,1.681841856348747,1.611293536837426,0.07054831951132101,paired frame-solver finite difference,illustrative
12,14,combined,jacket,3.5381103568524352,3.474630355570678,0.06348000128175713,paired frame-solver finite difference,illustrative
12,14,combined,combined,3.9442848564162425,3.8763991644486673,0.06788569196757521,paired frame-solver finite difference,illustrative
12,15,jacket,jacket,0.7345755960230171,0.7289314242893852,0.005644171733631964,paired frame-solver finite difference,illustrative
12,15,jacket,combined,2.3412894266554574,2.3347380384418237,0.006551388213633658,paired frame-solver finite difference,illustrative
12,15,combined,jacket,3.0003559141577263,2.9940370519006265,0.0063188622570997666,paired frame-solver finite difference,illustrative
12,15,combined,combined,4.607180555670212,4.599843666053065,0.007336889617146625,paired frame-solver finite difference,illustrative
12,17,combined,jacket,2.9786360243648247,2.983074195852158,-0.004438171487333165,paired frame-solver finite difference,illustrative
12,17,combined,combined,3.0529408164218808,3.0582797805605466,-0.005338964138665858,paired frame-solver finite difference,illustrative
14,15,jacket,combined,2.276225634371851,2.283926431133203,-0.007700796761351825,paired frame-solver finite difference,illustrative
14,15,combined,combined,2.6767613165980464,2.685695240011192,-0.008933923413145806,paired frame-solver finite difference,illustrative
15,17,jacket,jacket,0.19851233343405994,0.18656365726224422,0.01194867617181572,paired frame-solver finite difference,illustrative
15,17,jacket,combined,0.2735575485467834,0.261769241970633,0.011788306576150376,paired frame-solver finite difference,illustrative
15,17,combined,jacket,1.8020439418064704,1.7923702714146827,0.009673670391787681,paired frame-solver finite difference,illustrative
15,17,combined,combined,1.8773975834755063,1.8675758561230715,0.009821727352434806,paired frame-solver finite difference,illustrative
